{"cameraMode":{"drawMode":0,"name":"Shaded","section":"Shading Mode"},"sceneLighting":false,"audioPlay":false,"sceneViewState":{"m_AlwaysRefresh":false,"showFog":true,"showSkybox":false,"showFlares":true,"showImageEffects":true,"showParticleSystems":true,"showVisualEffectGraphs":true,"m_FxEnabled":true},"in2DMode":false,"pivot":{"x":2.874537944793701,"y":2.0731101036071779,"z":-0.2047908902168274},"rotation":{"x":-0.027301162481307985,"y":0.018588507547974588,"z":-0.0005079457769170404,"w":-0.9994611144065857},"size":1.4660253524780274,"orthographic":false}