{"cameraMode":{"drawMode":0,"name":"Shaded","section":"Shading Mode"},"sceneLighting":false,"audioPlay":false,"sceneViewState":{"m_AlwaysRefresh":false,"showFog":true,"showSkybox":false,"showFlares":true,"showImageEffects":true,"showParticleSystems":true,"showVisualEffectGraphs":true,"m_FxEnabled":true},"in2DMode":false,"pivot":{"x":-1.1900558471679688,"y":-0.33940333127975466,"z":0.09667490422725678},"rotation":{"x":-0.0033085194882005455,"y":0.008096744306385517,"z":-0.000028654871130129322,"w":-0.9999744892120361},"size":0.34641018509864809,"orthographic":false}