{"cameraMode":{"drawMode":0,"name":"Shaded","section":"Shading Mode"},"sceneLighting":false,"audioPlay":false,"sceneViewState":{"m_AlwaysRefresh":false,"showFog":true,"showSkybox":false,"showFlares":true,"showImageEffects":true,"showParticleSystems":true,"showVisualEffectGraphs":true,"m_FxEnabled":true},"in2DMode":false,"pivot":{"x":1.6350997686386109,"y":-1.1134004592895508,"z":-0.020304441452026368},"rotation":{"x":-0.04977165907621384,"y":0.026061629876494409,"z":-0.0013010719558224083,"w":-0.9984323382377625},"size":0.8660253882408142,"orthographic":false}